ass2.BasicSocialDistanceUtility,BasicSocialDistanceUtility
ass2.Models.DerivingModel,SocialDistancDerivingModel
ass2.Models.SafeModel,SocialDistancDerivingModel
ass2.Weka.InferringModel,SocialDistancInferringModel
ass2.Models.SafeModel,SocialDistancInferringModel
ass2.Models.BasicModel,SocialDistanceBasicModel
ass2.Models.SafeModel,SocialDistanceBasicModel
ass2.Factory.SocialDistanceClassifierFactory,SocialDistanceClassifierFactory
ass2.SocialDistanceController,SocialDistanceController
ass2.Factory.ControllerFactory,SocialDistanceControllerFactory
ass2.Models.InterpolatingModel,SocialDistanceInterpolatingModel
ass2.Models.SafeModel,SocialDistanceInterpolatingModel
ass2.BasicMain,SocialDistanceMVCBasicMain
ass2.DerivingMain,SocialDistanceMVCDerivingMain
ass2.Weka.InferringMain,SocialDistanceMVCInferringMain
ass2.InterpolatingMain,SocialDistanceMVCInterpolatingMain
ass2.Factory.ModelFactory,SocialDistanceModelFactory
ass2.SocialDistanceUtilityTesterMain,SocialDistanceUilityTesterMain
ass2.View.SocialDistanceView,SocialDistanceView
ass2.View.GeneralView,SocialDistanceView
ass2.Factory.ViewFactory,SocialDistanceViewFactory
